{
    "Dashboard": "الرئيسية",
    "enter_pass": "الرجاء إدخال كلمة المرور",
    "password_validator": "پاس ورڈ 8 حرف سے کم ہے",
    "enter_email_mobile": "أدخل البريد الإلكتروني أو رقم الهاتف المحمول",
    "Login": "تسجيل الدخول",
    "Register": "انشاء الحساب",
    "Email ID*": "عنوان الايميل",
    "password": "كلمه السر",
    "Continue As Guest": "تواصل كضيف",
    "Forgot Password?": "هل نسيت كلمة المرور",
    "Do not have an Account?": "ليس لديك حساب؟",
    "Sign Up": "سجل",
    "buttonTitle": "English",
    "First Name": "الاسم الاول",
    "Last Name": "الكنية",
    "Phone": "رقم الهاتف",
    "Email": "البريد الإلكتروني",
    "Confirm Password": "تأكيد كلمة المرور",
    "Already have an Account?": "هل لديك حساب؟",
    "SIGN IN": "تسجيل الدخول",
    "Top Departments": "أعلى الإدارات",
    "Top Vendors": "كبار البائعين",
    "Departments": "الإدارات",
    "Listing": "قائمة",
    "Home": "الرئيسية",
    "About Us": "معلومات عنا",
    "Privacy Policy": "سياسة خاصة",
    "Terms and Conditions": "الأحكام والشروط",
    "Log Out": "تسجيل خروج",
    "Edit": "تعديل",
    "passwordUpdated": "تم تحديث كلمة السر!",
    "passwordChanged": "تم تغيير كلمة السر!",
    "ok": "حسنا",
    "newPasswordText": "الرجاء إدخال كلمة المرور الجديدة الخاصة بك.",
    "newPassword": "كلمة سر جديدة",
    "fieldEmptyText": "لا يمكن أن يكون الحقل فارغًا",
    "8digitText": "يجب أن تكون كلمة المرور أكثر من ٨ أحرف",
    "passwordMismatched": "كلمة المرور غير متطابقة",
    "submit": "إرسال",
    "passwordRequired": "كلمة المرور مطلوبة",
    "welcome": "أهلا بك",
    "pleaseWait": "ارجوك انتظر...",
    "connectionAlert": "تنبيه الاتصال!",
    "unableToConnect": "غير قادر على الاتصال. يرجى التحقق من اتصال الإنترنت",
    "phoneNumber": "رقم الهاتف",
    "resetPasswordText": "الرجاء إدخال رقم هاتفك لإعادة تعيين كلمة المرور",
    "fullMobileNumberText": "الرجاء إدخال رقم الهاتف المحمول الكامل",
    "confirm": "تؤكد",
    "language": "العربية",
    "changeLanguage": "تغيير اللغة",
    "select": "تحديد",
    "enterCredentials": "الرجاء إدخال بيانات الاعتماد الخاصة بك",
    "dontHaveAccount": "ليس لديك حساب",
    "signUp": "سجل ",
    "verification": "التحقق",
    "verificationText": "الرجاء إدخال الرمز الخاص بك للتحقق من رقمك",
    "fullPinCode": "الرجاء إدخال الرقم السري الكامل",
    "verify": "تحقق",
    "registration": "التسجيل",
    "fillFields": "الرجاء تعبئة جميع الحقول",
    "fullName": "الاسم الكامل",
    "alreadyHaveAccount": "لديك حساب بالفعل ",
    "signIn": "تسجيل الدخول",
    "enterPhoneNumber": "الرجاء إدخال رقم هاتفك المحمول",
    "resetPassword": "إعادة تعيين كلمة المرور",
    "passwordText": "من فضلك أدخل رقمك السري",
    "search": "بحث",
    "all": "الكل",
    "userName": "محمد حسام",
    "address": "الدوحة قطر",
    "oldPassword": "كلمة سر قديمة",
    "selectLanguage": "اختار اللغة",
    "AlreadyHaveAnAccount?": " هل لديك حساب؟",
    "DontHaveAnAccount?": " ليس لديك حساب؟",
    "home": "الصفحة الرئيسية",
    "PhoneNumber": "رقم الهاتف",
    "Password": "كلمة المرور",
    "ForgotPassword?": "نسيت كلمة المرور",
    "SendCode": "أرسل الرمز",
    "BacktoLogin": "العودة إلى تسجيل الدخول",
    "PhoneNumberVerification": "التحقق من رقم الهاتف",
    "Enterthecodesentto": "أدخل الرمز المرسل إلى",
    "Didntreceivethecode?": "لم يصلك الرمز؟",
    "Resend": "إعادة إرسال",
    "Verify": "تحقق",
    "NewPassword": "كلمة مرور جديدة",
    "VerifyPassword": "اكد كلمة المرور",
    "WelcomeBack": " مرحبا بعودتك، ",
    "Notifications": "إشعارات",
    "Profile": "الملف الشخصي",
    "Settingsandprivacy": "الإعدادات والخصوصية",
    "Logout": "تسجيل خروج",
    "Contact": "اتصل",
    "About": "حول",
    "Address": "عنوان",
    "Account": "الحساب",
    "PrivacyandPolicy": "الخصوصية والسياسة",
    "Contentprefrences": "تفضيلات المحتوى",
    "General": "جنرال لواء",
    "DisplayandSound": "Display and Sound",
    "PropertyManagement": "إدارة الممتلكات",
    "SavedHomes": "المنازل المحفوظة",
    "Want to sell or rent your House?": "هل تريد بيع أو تأجير منزلك؟",
    "Use your location": "استخدم موقعك",
    "OR": "أو",
    "EditProfile": "تعديل الملف الشخصي",
    "Search for your home": "ابحث عن منزلك",
    "Explore": "يكتشف",
    "MyHome": "منزلي",
    "ENG": "ENG",
    "Form": "شكل",
    "PropertyManagementForm": "نموذج إدارة الممتلكات",
    "ARA": "ARA",
    "ChangeLanguage": "Change Language",
    "HomeSearch": "الرئيسية البحث",
    "FindAnAgent": "ابحث عن وكيل",
    "Touring": "بجولة",
    "NearbyHomes": "منازل قريبة",
    "Settings": "إعدادات",
    "Buy": "للبيع",
    "studio": "الاستوديو",
    "Sell": "للبيع",
    "cSell": "C. شراء",
    "cRent": "ج. الإيجار",
    "Agent": "ابحث عن وسيط",
    "Rent": "للايجار",
    "Sign/Register": "تسجيل الدخول/ انشاء الحساب",
    "enterName": "أدخل الاسم",
    "enterPropertyDetail": "أدخل المزيد من التفاصيل",
    "enterAddress": "أدخل العنوان",
    "enter_valid_email": "أدخل بريدًا إلكترونيًا صالحًا",
    "Name": "اسم",
    "MobileNumber": "رقم الهاتف",
    "PropertyDetail": "تفاصيل اكثر",
    "ourListings": "القوائم لدينا",
    "personalInformation": "معلومات شخصية",
    "ratings&Reviews": "التقييمات والمراجعات",
    "Contactus": "اتصل بنا",
    "YourQuery": "طلبك",
    "enterYourQuery": "أدخل استفسارك",
    "Appointment": "موعد",
    "No saved homes": "لا توجد منازل محفوظة",
    "createanaccount": "انشاء الحساب",
    "Mobile Verification": "التحقق من الهاتف المحمول",
    "List": "قائمة",
    "Map": "خريطة",
    "Filter": "الفلاتر",
    "Search": "بحث",
    "Filters": "الفلاتر",
    "Price": "السعر",
    "Beds": "سرير",
    "Baths": "الحمامات",
    "Any": "أي",
    "Apply": "تطبيق",
    "Apartments": "شقة",
    "Commerical": "تجارية",
    "Villas": "فيلا",
    "Workshops": "ورش عمل",
    "Popular Properties": "الخصائص الشعبية",
    "Feature Properties": "خصائص الميزة",
    "Recent Properties": "الخصائص الحديثة",
    "See all": "اظهار الكل",
    "New Arrival": "قادم جديد",
    "Find An Agent": "ابحث عن وكيل",
    "Agents": "ابحث عن وسيط",
    "No More Agents": "لا مزيد من الوكلاء",
    "Bed/Bath": "السرير / الحمام:",
    "Price:": "السعر:",
    "CONTACT US": "اتصل بنا",
    "APPOINTMENT": "موعد",
    "Address:": "عنوان:",
    "Phone:": "هاتف:",
    "Email:": "البريد الإلكتروني:",
    "Company:": "شركة:",
    "Search for a place": "ابحث عن مكان",
    "Properties": "الخصائص",
    "readMore": "اقرأ أكثر",
    "amenities": "وسائل الراحة",
    "propertytypes": "أنواع العقارات",
    "No results found": "لم يتم العثور على نتائج",
    "contact agent": "وسيط الاتصال",
    "noWhatsapp": "لا يوجد تطبيق whatsapp مثبت",
    "Location": "موقعك",
    "less": "أقل",
    "weekly": "أسبوعي",
    "Gallery": "صالة عرض",
    "monthly": "شهريا",
    "FOR SALE": "للبيع",
    "FOR RENT": "للإيجار",
    "submitProperty": "تقديم الملكية",
    "contactus": "اتصل بنا",
    "ourProperties": "ممتلكاتنا",
    "sewan": "Future Property",
    "Powered By:": "مشغل بواسطة",
    "Form Submitted": "Form Submitted",
    "Open With": "مفتوحة مع",
    "no amenities": "لا توجد وسائل راحة",
    "Contact:": "اتصل: +974 4001 0080",
    "zones": "المناطق",
    "zoneLocations": "مواقع المنطقة",
    "Agents...": "ابحث عن وسيط...",
    "agenttypes": "أنواع الوسطاء",
    "Show on Map": "عرض على الخريطة",
    "OtherInquires": "استفسارات أخري",
    "CallUs": "اتصل بنا",
    "results": "النتائج",
    "propertySize": "حجم الملكية",
    "Set": "تعيين",
    "of": "من",
    "FrontArea": "المنطقة الأمامية:",
    "PropertyAge": "الميزة",
    "update": "تحديث",
    "updateLater": "تعديل",
    "Update Available": "تحديث متوفر",
    "Retry": "أعد المحاولة",
    "MaintainMessage": "نحن تحت الصيانة",
    "Offices": "مكاتب",
    "Farms": "المزارع",
    "Allow Push Notifications": "السماح بإشعارات الدفع",
    "Schedule": "جدول",
    "Personal Information": "معلومات شخصية",
    "Property Detail": "تفاصيل العقار",
    "Title": "العنوان",
    "Enter title": "أدخل العنوان",
    "Enter price": "أدخل السعر",
    "Enter beds": "أدخل الأسِرَّة",
    "Enter baths": "أدخل الحمّامات",
    "Area sq": "المنطقة sq",
    "facts": "حقائق وميزات",
    "Enter area": " أدخل المنطقة",
    "Description": "الوصف",
    "Enter description": "أدخل الوصف",
    "Select amentities": "تحديد التسهيلات",
    "Select address": "حدد العنوان",
    "Upload Images": "تحميل الصور",
    "Property Type:": "نوع العقار:",
    "Furnish Type:": " نوع التأثيث:",
    "Sort": "تصنيف",
    "Featured": "متميز",
    "Change Password": "تغيير كلمة المرور"
}