{
  "Dashboard": "Dashboard",
  "enter_pass": "Please enter password",
  "password_validator": "Password is less than 8 character",
  "enter_email_mobile": "Enter Mobile Number",
  "Login": "Login",
  "Register": "Register",
  "Email ID*": "Email ID",
  "password": "Password",
  "Continue As Guest": "Continue As Guest",
  "Forgot Password?": "Forgot Password?",
  "Do not have an Account?": "Don't have an Account?",
  "Sign Up": "Sign Up",
  "buttonTitle": "العربية",
  "First Name": "First Name",
  "Last Name": "Last Name",
  "Phone": "Phone",
  "Email": "Email",
  "Confirm Password": "Confirm Password",
  "Already have an Account?": "Already have an Account?",
  "SIGN IN": "SIGN IN",
  "Top Departments": "Top Departments",
  "Top Vendors": "Top Vendors",
  "Departments": "Departments",
  "Listing": "Listing",
  "Vendors": "Vendors",
  "Form": "Form",
  "PropertyManagementForm": "Property Management Form",
  "News": "News",
  "Departs": "Departs",
  "Products": "Products",
  "PropertyManagement": "Property Management",
  "Category": "Category",
  "Add To Cart": "Add To Cart",
  "Product Details:": "Product Details:",
  "About Us": "About Us",
  "Privacy Policy": "Privacy Policy",
  "Terms and Conditions": "Terms and Conditions",
  "Log Out": "Log Out",
  "Edit": "Edit",
  "EditProfile": "Edit Profile",
  "recentTrip": "Recent Trip",
  "previousHistory": "Previous History",
  "changePassword": "Change Password",
  "privacyPolicy": "Privacy Policy",
  "aboutUs": "About Us",
  "logout": "Log Out",
  "noPreviousHistory": "No Previous History!",
  "vehiclePickedText": "Your Vehicle Is Picked By Breakdowner.",
  "tripCompletedText": "Your Trip Has Been Completed.",
  "onTheWayText": "Your Breakdowner Is On The Way To Pick Your Vehicle.",
  "breakdowner": "Breakdowner",
  "vehicle": "Vehicle",
  "plateNo": "Plate No",
  "passwordUpdated": "Password Updated!",
  "passwordChanged": "Password Changed!",
  "ok": "Ok",
  "newPasswordText": "Please enter your new password.",
  "newPassword": "New Password",
  "fieldEmptyText": "Field cannot be empty",
  "8digitText": "Password should be more than 8 characters",
  "passwordMismatched": "Password mismatch",
  "submit": "Submit",
  "readMore": "read more",
  "less": "less",
  "weekly": "weekly",
  "monthly": "Monthly",
  "submitProperty": "Submit Property",
  "passwordRequired": "Password is Required",
  "welcome": "Welcome",
  "pleaseWait": "Please wait...",
  "connectionAlert": "Connection Alert!",
  "unableToConnect": "Unable to connect. Please Check Internet Connection",
  "phoneNumber": "Phone Number",
  "resetPasswordText": "Please enter your phone number to reset password",
  "fullMobileNumberText": "Please enter full mobile number.",
  "confirm": "Confirm",
  "Home": "Home",
  "bookBreakdowner": "Book Breakdowner",
  "language": "English",
  "select": "Select",
  "enterCredentials": "Please enter your credentials",
  "dontHaveAccount": "Dont't have an account? ",
  "signUp": "Sign Up",
  "verification": "Verification",
  "verificationText": "Please enter your pin code to verify your number",
  "fullPinCode": "Please enter full pin code",
  "verify": "verify",
  "registration": "Registration",
  "fillFields": "Please fill all the fields",
  "fullName": "Full Name",
  "alreadyHaveAccount": "Already have an account. ",
  "signIn": "Sign In",
  "enterPhoneNumber": "Please enter your mobile number",
  "resetPassword": "RESET PASSWORD",
  "passwordText": "Please enter your password",
  "search": "Search",
  "recommended": "Recommended",
  "doctor": "Doctors",
  "doctorName": "Doctor Name",
  "specialization": "Specialization",
  "mon": "Mon",
  "fri": "Fri",
  "profile": "Profile",
  "chooseCategory": "Choose Category",
  "popularDoctor": "Popular Doctor",
  "all": "All",
  "dentist": "Dentist",
  "ortodonist": "Ortodonist",
  "cardiologist": "Cardiologist",
  "gynecologist": "Gynecologist",
  "nephologist": "Nephologist",
  "category": "Category",
  "userName": "User Name",
  "address": "Doha, Qatar",
  "cSell": "C. Buy",
  "studio": "Studio",
  "cRent": "C. Rent",
  "noWhatsapp": "no Whatapp installed",
  "aboutMe": "About me",
  "placeholderText": " dentist, also known as a dental surgeon, is a surgeon who specializes in dentistry, the diagnosis, prevention, and treatment of diseases and conditions of the oral cavity. The dentist's supporting team aids in providing oral health services. The dental team includes dental assistants, dental hygienists, dental technicians, and sometimes dental therapists.",
  "appointment": "Appointments",
  "myDoctors": "My Doctors",
  "oldPassword": "Old Password",
  "welcomeToLabas": "Welcome To Labas!",
  "selectLanguage": "Select Language",
  "AlreadyHaveAnAccount?": "Already Have An Account? ",
  "DontHaveAnAccount?": "Dont Have An Account? ",
  "home": "home",
  "PhoneNumber": "Phone Number",
  "Password": "Password",
  "ForgotPassword?": "Forgot Password?",
  "SavedHomes": "Saved Homes",
  "Explore": "Explore",
  "MyHome": "My Home",
  "Want to sell or rent your House?": "Want to sell or rent your House?",
  "Use your location": "Use your location",
  "Search for your home": "Search for your home",
  "OR": "OR",
  "SendCode": "Send Code",
  "BacktoLogin": "Back To Login",
  "PhoneNumberVerification": "Phone Number Verification",
  "Enterthecodesentto": "Enter the code sent to ",
  "Didntreceivethecode?": "Didn't receive the code?",
  "Resend": "RESEND",
  "Verify": "VERIFY",
  "NewPassword": "New Password",
  "VerifyPassword": "Verify Password",
  "WelcomeBack": "Welcome back, ",
  "YourAppointmentsfortoday": "Your Appointments for today",
  "Helpline": "Helpline",
  "Patients": "Patients",
  "Appointments": "APPOINTMENTS",
  "Hospital": "Hospital",
  "Records": "Records",
  "Patient": "Patient",
  "History": "History",
  "Notifications": "Notifications",
  "January": "January",
  "February": "February",
  "March": "March",
  "April": "April",
  "May": "May",
  "June": "June",
  "July": "July",
  "August": "August",
  "September": "September",
  "October": "October",
  "November": "November",
  "December": "December",
  "ScheduledAppointments": "SCHEDULED APPOINTMENTS",
  "Profile": "Profile",
  "Hospitals": "Hospitals",
  "Settingsandprivacy": "Settings and privacy",
  "Settings": "Settings",
  "Logout": "Logout",
  "AppointmentsSmall": "Appointments",
  "Contact": "Contact",
  "About": "About",
  "Address": "Address",
  "Schedule": "Schedule",
  "Education": "Education",
  "DoctorsRecord": "Doctor's Record",
  "Today": "Today",
  "Week": "Week",
  "Month": "Month",
  "Account": "Account",
  "PrivacyandPolicy": "Privacy and Policy",
  "Contentprefrences": "Content prefrences",
  "General": "General",
  "DisplayandSound": "Display and Sound",
  "Datausage": "Data usage",
  "Accessibility": "Accessibility",
  "AboutLabas": "About Labas",
  "ENG": "ENG",
  "ARA": "ARA",
  "ChangeLanguage": "Change Language",
  "HomeSearch": "Home Search",
  "FindAnAgent": "Find an Agent",
  "Touring": "Touring",
  "NearbyHomes": "Nearby Homes",
  "Buy": "Buy",
  "Sell": "Buy",
  "Agent": "Agent",
  "Rent": "Rent",
  "Sign/Register": "Sign / Register",
  "enterName": "Enter name",
  "enterPropertyDetail": "Enter more detail",
  "enterAddress": "Enter address",
  "enter_valid_email": "Enter valid email",
  "Name": "Name",
  "MobileNumber": "Mobile Number",
  "PropertyDetail": "More Detail",
  "ourListings": "Our Listings",
  "personalInformation": "Personal Information",
  "ratings&Reviews": "Ratings & Reviews",
  "Contactus": "Contact Us",
  "YourQuery": "Your Query",
  "enterYourQuery": "Enter Your Query",
  "Appointment": "Appointment",
  "No saved homes": "No saved homes",
  "createanaccount": "Create An Account",
  "Mobile Verification": "Mobile Verification",
  "List": "List",
  "Map": "Map",
  "Filter": "Filter",
  "Search": "Search",
  "Filters": "Filters",
  "Price": "Price",
  "Beds": "Beds",
  "Baths": "Baths",
  "Any": "Any",
  "Apply": "Apply",
  "Apartments": "Apartments",
  "Commerical": "Commerical",
  "Villas": "Villas",
  "Workshops": "Workshops",
  "Popular Properties": "Popular Properties",
  "Feature Properties": "Feature Properties",
  "Recent Properties": "Recent Properties",
  "See all": "See All",
  "New Arrival": "New Arrival",
  "Find An Agent": "Find An Agent",
  "Agents": "Agents",
  "No More Agents": "No More Agents",
  "Bed/Bath": "Bed/Bath:",
  "Price:": "Price:",
  "CONTACT US": "CONTACT US",
  "APPOINTMENT": "APPOINTMENT",
  "Address:": "Address: ",
  "Phone:": "Phone:   ",
  "Email:": "Email:   ",
  "Company:": "Company:",
  "Search for a place": "Search for a place",
  "Properties": "Properties",
  "facts": "Facts and Features",
  "amenities": "Amenities",
  "propertytypes": "Property Types",
  "No results found": "No results found",
  "contact agent": "Contact Agent",
  "Location": "Location",
  "Gallery": "Gallery",
  "FOR SALE": "FOR SALE",
  "FOR RENT": "FOR RENT",
  "contactus": "Contact Us",
  "ourProperties": "Our Properties",
  "sewan": "Future Property",
  "propertySize": "Property Size",
  "Powered By:": "Powered By",
  "Form Submitted": "Form Submitted",
  "Open With": "Open With",
  "no amenities": "No amenities",
  "Contact:": "Contact: +974 4001 0080",
  "zones": "Zones",
  "zoneLocations": "Zone Locations",
  "Agents...": "Agents...",
  "agenttypes": "Agent Types",
  "Show on Map": "Show on Map",
  "OtherInquires": "Other's Inquiries",
  "CallUs": "Call Us",
  "results": "results",
  "Set": "Set",
  "of": "of",
  "FrontArea": "Front Area:",
  "PropertyAge": "Property Age:",
  "update": "Update",
  "updateLater": "Update Later",
  "Update Available": "Update Available",
  "Retry": "RETRY",
  "MaintainMessage": "We are under maintenance",
  "Offices": "Offices",
  "Farms": "Farms",
  "Allow Push Notifications": "Allow Push Notifications",
  "Personal Information": "Personal Information",
  "Property Detail": "Property Detail",
  "Title": "Title",
  "Enter title": "Enter title",
  "Enter price": "Enter price",
  "Enter beds": "Enter beds",
  "Enter baths": "Enter baths",
  "Area sq": "Area sqm",
  "Enter area": "Enter area",
  "Description": "Description",
  "Enter description": "Enter description",
  "Select amentities": "Select amenities",
  "Select address": "Select address",
  "Upload Images": "Upload Images",
  "Property Type:": "Property Type:",
  "Furnish Type:": "Furnish Type:",
  "Sort": "Sort",
  "Featured": "Featured",
  "Change Password": "Change Password"
}